{"nodes":{"node:1":{"location":{"x":421,"y":74}},"node:4":{"location":{"x":309,"y":234}}},"selection":[],"view":{"scroll":{"x":149.38717651367188,"y":43.07879638671875},"zoom":1.25}}