{"nodes":{"node:1":{"location":{"x":-565,"y":-12}},"node:4":{"location":{"x":-325,"y":-28}}},"selection":[],"view":{"scroll":{"x":-775.55609130859375,"y":-106.2650146484375},"zoom":1}}