{"nodes":{"node:1":{"location":{"x":-1670,"y":-300}},"node:4":{"location":{"x":-1430,"y":-396}}},"selection":["link:7"],"view":{"scroll":{"x":-2189.941162109375,"y":-541.15728759765625},"zoom":1.25}}