{"nodes":{},"selection":[],"view":{"scroll":{"x":-275.87057495117188,"y":-88.593704223632813},"zoom":1}}