{"nodes":{"node:1":{"location":{"x":111,"y":-182}}},"selection":[],"view":{"scroll":{"x":4.0478363037109375,"y":-533.4468994140625},"zoom":2}}