{"nodes":{"node:1":{"location":{"x":-1644,"y":-332}}},"selection":["node:1"],"view":{"scroll":{"x":-2189.941162109375,"y":-541.15728759765625},"zoom":1.25}}