{"nodes":{"node:1":{"location":{"x":352,"y":202}},"node:4":{"location":{"x":640,"y":187}}},"selection":["link:7"],"view":{"scroll":{"x":-140.158889770507813,"y":101.712120056152344},"zoom":1}}